{
  "global": {
    "num_motions": 5532,
    "active_dimensions": 204,
    "total_dimensions": 208,
    "unique_points": 5011,
    "log_continuous_volume": 431.94769287109375,
    "log_discrete_volume": 320.88724140709405,
    "mean_coord_avg": 0.2589815557003021,
    "std_coord_avg": 2.128563642501831
  },
  "groups": {
    "backpedal": {
      "num_motions": 25,
      "active_dimensions": 104,
      "unique_points": 22,
      "log_continuous_volume": 185.20565795898438,
      "log_discrete_volume": 107.22963728296028,
      "pct_of_global_discrete": 0.4390341249251646,
      "pct_of_global_log_vol": 42.87687167118527,
      "mean_coord_avg": 1.0980769395828247,
      "std_coord_avg": 2.6326379776000977
    },
    "balance": {
      "num_motions": 54,
      "active_dimensions": 148,
      "unique_points": 54,
      "log_continuous_volume": 274.1604919433594,
      "log_discrete_volume": 157.19219301966473,
      "pct_of_global_discrete": 1.0776292157254042,
      "pct_of_global_log_vol": 63.47076196218443,
      "mean_coord_avg": 0.712837815284729,
      "std_coord_avg": 2.378443479537964
    },
    "basketball": {
      "num_motions": 3,
      "active_dimensions": 108,
      "unique_points": 3,
      "log_continuous_volume": 179.7182159423828,
      "log_discrete_volume": 85.92523645505091,
      "pct_of_global_discrete": 0.059868289762522446,
      "pct_of_global_log_vol": 41.60647664253555,
      "mean_coord_avg": 4.015431880950928,
      "std_coord_avg": 3.3965744972229004
    },
    "bow": {
      "num_motions": 3,
      "active_dimensions": 74,
      "unique_points": 3,
      "log_continuous_volume": 109.34815216064453,
      "log_discrete_volume": 51.64624046840512,
      "pct_of_global_discrete": 0.059868289762522446,
      "pct_of_global_log_vol": 25.315137449588676,
      "mean_coord_avg": 2.436936855316162,
      "std_coord_avg": 2.8235809803009033
    },
    "cartwheel": {
      "num_motions": 27,
      "active_dimensions": 188,
      "unique_points": 27,
      "log_continuous_volume": 366.5063781738281,
      "log_discrete_volume": 224.20642858943484,
      "pct_of_global_discrete": 0.5388146078627021,
      "pct_of_global_log_vol": 84.84971310709251,
      "mean_coord_avg": 3.1918835639953613,
      "std_coord_avg": 3.1421687602996826
    },
    "climb": {
      "num_motions": 59,
      "active_dimensions": 116,
      "unique_points": 58,
      "log_continuous_volume": 199.67752075195312,
      "log_discrete_volume": 120.02659383280715,
      "pct_of_global_discrete": 1.157453602075434,
      "pct_of_global_log_vol": 46.2272455779832,
      "mean_coord_avg": 1.0414961576461792,
      "std_coord_avg": 1.9798496961593628
    },
    "crab walk": {
      "num_motions": 4,
      "active_dimensions": 124,
      "unique_points": 4,
      "log_continuous_volume": 216.83189392089844,
      "log_discrete_volume": 96.02121105761996,
      "pct_of_global_discrete": 0.07982438635002993,
      "pct_of_global_log_vol": 50.19864615542874,
      "mean_coord_avg": 2.4314515590667725,
      "std_coord_avg": 3.630232810974121
    },
    "crawl": {
      "num_motions": 76,
      "active_dimensions": 184,
      "unique_points": 76,
      "log_continuous_volume": 343.02099609375,
      "log_discrete_volume": 227.18705161457052,
      "pct_of_global_discrete": 1.5166633406505687,
      "pct_of_global_log_vol": 79.41262374009665,
      "mean_coord_avg": 1.2902601957321167,
      "std_coord_avg": 2.472979784011841
    },
    "dance": {
      "num_motions": 189,
      "active_dimensions": 204,
      "unique_points": 189,
      "log_continuous_volume": 422.8924560546875,
      "log_discrete_volume": 287.44363034032637,
      "pct_of_global_discrete": 3.7717022550389148,
      "pct_of_global_log_vol": 97.90362653491273,
      "mean_coord_avg": 1.1652921438217163,
      "std_coord_avg": 2.882974863052368
    },
    "dodge": {
      "num_motions": 8,
      "active_dimensions": 164,
      "unique_points": 8,
      "log_continuous_volume": 295.0220031738281,
      "log_discrete_volume": 145.51798891787308,
      "pct_of_global_discrete": 0.15964877270005987,
      "pct_of_global_log_vol": 68.30040026672202,
      "mean_coord_avg": 1.6554877758026123,
      "std_coord_avg": 3.1197195053100586
    },
    "drag": {
      "num_motions": 3,
      "active_dimensions": 48,
      "unique_points": 3,
      "log_continuous_volume": 75.79449462890625,
      "log_discrete_volume": 35.416173243074574,
      "pct_of_global_discrete": 0.059868289762522446,
      "pct_of_global_log_vol": 17.5471465364501,
      "mean_coord_avg": 4.298611164093018,
      "std_coord_avg": 3.6889119148254395
    },
    "exercise": {
      "num_motions": 20,
      "active_dimensions": 168,
      "unique_points": 20,
      "log_continuous_volume": 324.0653076171875,
      "log_discrete_volume": 173.54178340913143,
      "pct_of_global_discrete": 0.39912193175014965,
      "pct_of_global_log_vol": 75.02420153310054,
      "mean_coord_avg": 0.8976189494132996,
      "std_coord_avg": 3.1151602268218994
    },
    "fall": {
      "num_motions": 6,
      "active_dimensions": 96,
      "unique_points": 6,
      "log_continuous_volume": 170.69271850585938,
      "log_discrete_volume": 76.41834592514897,
      "pct_of_global_discrete": 0.11973657952504489,
      "pct_of_global_log_vol": 39.51698812680063,
      "mean_coord_avg": 1.7847222089767456,
      "std_coord_avg": 3.662428617477417
    },
    "flip": {
      "num_motions": 2,
      "active_dimensions": 136,
      "unique_points": 2,
      "log_continuous_volume": 177.31350708007812,
      "log_discrete_volume": 78.32563140327382,
      "pct_of_global_discrete": 0.039912193175014966,
      "pct_of_global_log_vol": 41.04976366501715,
      "mean_coord_avg": 5.448529243469238,
      "std_coord_avg": 3.504424810409546
    },
    "hop": {
      "num_motions": 59,
      "active_dimensions": 152,
      "unique_points": 59,
      "log_continuous_volume": 296.6849365234375,
      "log_discrete_volume": 174.64442641537914,
      "pct_of_global_discrete": 1.1774096986629414,
      "pct_of_global_log_vol": 68.68538515657201,
      "mean_coord_avg": 0.4361061155796051,
      "std_coord_avg": 2.2792775630950928
    },
    "jog": {
      "num_motions": 198,
      "active_dimensions": 176,
      "unique_points": 198,
      "log_continuous_volume": 340.82415771484375,
      "log_discrete_volume": 204.33830222058035,
      "pct_of_global_discrete": 3.9513071243264815,
      "pct_of_global_log_vol": 78.90403475694822,
      "mean_coord_avg": 0.26787763833999634,
      "std_coord_avg": 1.9801045656204224
    },
    "jump": {
      "num_motions": 554,
      "active_dimensions": 196,
      "unique_points": 539,
      "log_continuous_volume": 406.5565185546875,
      "log_discrete_volume": 277.9294443116653,
      "pct_of_global_discrete": 10.756336060666534,
      "pct_of_global_log_vol": 94.12170160057232,
      "mean_coord_avg": 0.5963218212127686,
      "std_coord_avg": 2.2415759563446045
    },
    "kick": {
      "num_motions": 204,
      "active_dimensions": 196,
      "unique_points": 204,
      "log_continuous_volume": 402.63995361328125,
      "log_discrete_volume": 268.133245385597,
      "pct_of_global_discrete": 4.071043703851527,
      "pct_of_global_log_vol": 93.21497955851825,
      "mean_coord_avg": 0.641706645488739,
      "std_coord_avg": 2.770920753479004
    },
    "kneel": {
      "num_motions": 47,
      "active_dimensions": 168,
      "unique_points": 47,
      "log_continuous_volume": 318.1478576660156,
      "log_discrete_volume": 192.20622699160074,
      "pct_of_global_discrete": 0.9379365396128517,
      "pct_of_global_log_vol": 73.65425557695028,
      "mean_coord_avg": 0.8696809411048889,
      "std_coord_avg": 2.2725086212158203
    },
    "limp": {
      "num_motions": 36,
      "active_dimensions": 140,
      "unique_points": 36,
      "log_continuous_volume": 241.4293975830078,
      "log_discrete_volume": 155.20414438037918,