{
  "walk": {
    "num_files": 2663,
    "center_file": "009122",
    "center_distance": 34.001129150390625,
    "top3_nearest": [
      [
        "009122",
        34.001129150390625
      ],
      [
        "006066",
        34.11094284057617
      ],
      [
        "005643",
        34.15083694458008
      ]
    ],
    "mean_distance": 46.185672760009766,
    "std_distance": 10.85609245300293
  },
  "jump": {
    "num_files": 554,
    "center_file": "009346",
    "center_distance": 27.924230575561523,
    "top3_nearest": [
      [
        "009346",
        27.924230575561523
      ],
      [
        "012718",
        27.92455291748047
      ],
      [
        "008670",
        27.954788208007812
      ]
    ],
    "mean_distance": 47.37184143066406,
    "std_distance": 16.264175415039062
  },
  "run": {
    "num_files": 313,
    "center_file": "009701",
    "center_distance": 32.23014450073242,
    "top3_nearest": [
      [
        "009701",
        32.23014450073242
      ],
      [
        "010801",
        32.631980895996094
      ],
      [
        "003495",
        32.676544189453125
      ]
    ],
    "mean_distance": 52.87931823730469,
    "std_distance": 13.090714454650879
  },
  "sidestep": {
    "num_files": 210,
    "center_file": "001242",
    "center_distance": 25.35542869567871,
    "top3_nearest": [
      [
        "001242",
        25.35542869567871
      ],
      [
        "012603",
        25.47907829284668
      ],
      [
        "002110",
        25.511951446533203
      ]
    ],
    "mean_distance": 43.36296081542969,
    "std_distance": 14.41572380065918
  },
  "kick": {
    "num_files": 204,
    "center_file": "006421",
    "center_distance": 37.90103530883789,
    "top3_nearest": [
      [
        "006421",
        37.90103530883789
      ],
      [
        "003620",
        38.208255767822266
      ],
      [
        "000777",
        38.41246795654297
      ]
    ],
    "mean_distance": 58.95979690551758,
    "std_distance": 13.620516777038574
  },
  "jog": {
    "num_files": 198,
    "center_file": "008707",
    "center_distance": 28.63490867614746,
    "top3_nearest": [
      [
        "008707",
        28.63490867614746
      ],
      [
        "013963",
        29.132549285888672
      ],
      [
        "012026",
        29.464384078979492
      ]
    ],
    "mean_distance": 49.4942626953125,
    "std_distance": 13.68260383605957
  },
  "dance": {
    "num_files": 189,
    "center_file": "013041",
    "center_distance": 41.34995651245117,
    "top3_nearest": [
      [
        "013041",
        41.34995651245117
      ],
      [
        "006763",
        41.99702453613281
      ],
      [
        "009156",
        45.502586364746094
      ]
    ],
    "mean_distance": 61.76729965209961,
    "std_distance": 10.421943664550781
  },
  "step back": {
    "num_files": 140,
    "center_file": "012985",
    "center_distance": 23.39337730407715,
    "top3_nearest": [
      [
        "012985",
        23.39337730407715
      ],
      [
        "005342",
        23.405588150024414
      ],
      [
        "011051",
        23.47141456604004
      ]
    ],
    "mean_distance": 41.261287689208984,
    "std_distance": 17.414247512817383
  },
  "step": {
    "num_files": 139,
    "center_file": "010771",
    "center_distance": 28.46275520324707,
    "top3_nearest": [
      [
        "010771",
        28.46275520324707
      ],
      [
        "004954",
        29.106584548950195
      ],
      [
        "008248",
        29.106584548950195
      ]
    ],
    "mean_distance": 45.05794906616211,
    "std_distance": 15.880796432495117
  },
  "squat": {
    "num_files": 101,
    "center_file": "007362",
    "center_distance": 19.395496368408203,
    "top3_nearest": [
      [
        "007362",
        19.395496368408203
      ],
      [
        "010695",
        19.462255477905273
      ],
      [
        "010093",
        19.532333374023438
      ]
    ],
    "mean_distance": 38.27080154418945,
    "std_distance": 16.669523239135742
  },
  "stumble": {
    "num_files": 95,
    "center_file": "012902",
    "center_distance": 36.43491744995117,
    "top3_nearest": [
      [
        "012902",
        36.43491744995117
      ],
      [
        "009172",
        36.61503982543945
      ],
      [
        "009962",
        36.76551818847656
      ]
    ],
    "mean_distance": 49.57658767700195,
    "std_distance": 8.975737571716309
  },
  "crawl": {
    "num_files": 76,
    "center_file": "001820",
    "center_distance": 28.43695068359375,
    "top3_nearest": [
      [
        "001820",
        28.43695068359375
      ],
      [
        "004210",
        28.597978591918945
      ],
      [
        "014176",
        28.631547927856445
      ]
    ],
    "mean_distance": 46.01197814941406,
    "std_distance": 13.253150939941406
  },
  "stand up": {
    "num_files": 65,
    "center_file": "011728",
    "center_distance": 39.75343322753906,
    "top3_nearest": [
      [
        "011728",
        39.75343322753906
      ],
      [
        "009009",
        40.86954879760742
      ],
      [
        "008393",
        41.2651481628418
      ]
    ],
    "mean_distance": 52.307125091552734,
    "std_distance": 9.117121696472168
  },
  "climb": {
    "num_files": 59,
    "center_file": "004748",
    "center_distance": 25.6377010345459,
    "top3_nearest": [
      [
        "004748",
        25.6377010345459
      ],
      [
        "000940",
        25.642330169677734
      ],
      [
        "009430",
        25.642330169677734
      ]
    ],
    "mean_distance": 37.811927795410156,
    "std_distance": 13.203125953674316
  },
  "hop": {
    "num_files": 59,
    "center_file": "005125",
    "center_distance": 25.121234893798828,
    "top3_nearest": [
      [
        "005125",
        25.121234893798828
      ],
      [
        "001130",
        25.589160919189453
      ],
      [
        "012134",
        28.173646926879883
      ]
    ],
    "mean_distance": 46.329376220703125,
    "std_distance": 15.032870292663574
  },
  "balance": {
    "num_files": 54,
    "center_file": "011321",
    "center_distance": 23.706575393676758,
    "top3_nearest": [
      [
        "011321",
        23.706575393676758
      ],
      [
        "008315",
        23.98459815979004
      ],
      [
        "011736",
        24.2617244720459
      ]
    ],
    "mean_distance": 43.877132415771484,
    "std_distance": 19.90996551513672
  },
  "kneel": {
    "num_files": 47,
    "center_file": "010786",
    "center_distance": 32.025657653808594,
    "top3_nearest": [
      [
        "010786",
        32.025657653808594
      ],
      [
        "007838",
        32.731082916259766
      ],
      [
        "001147",
        32.78044891357422
      ]
    ],
    "mean_distance": 45.215206146240234,
    "std_distance": 11.469018936157227
  },
  "limp": {
    "num_files": 36,
    "center_file": "006617",
    "center_distance": 30.243202209472656,
    "top3_nearest": [
      [
        "006617",
        30.243202209472656
      ],
      [
        "011498",
        30.838939666748047
      ],
      [
        "012588",
        31.107986450195312
      ]
    ],
    "mean_distance": 46.035465240478516,
    "std_distance": 11.698823928833008
  },
  "sneak": {
    "num_files": 33,
    "center_file": "007427",
    "center_distance": 31.87482452392578,
    "top3_nearest": [
      [
        "007427",
        31.87482452392578
      ],
      [
        "011042",
        33.42886734008789
      ],
      [
        "005499",
        36.42224884033203
      ]
    ],
    "mean_distance": 47.36922836303711,
    "std_distance": 9.194869995117188
  },
  "cartwheel": {
    "num_files": 27,
    "center_file": "008410",
    "center_distance": 38.825523376464844,
    "top3_nearest": [
      [
        "008410",
        38.825523376464844
      ],
      [
        "013672",
        39.746124267578125
      ],
      [
        "001555",
        41.0705680847168
      ]
    ],